year,district,marry_rate,household,pop,sex_ratio,Unnamed: 0,area,population_density, county,growth,g_ave,g_rate,in,out,family_pop,social_rate
102,板橋,7.306435981191,202011,557417,0.9682664670447244,1,23.1373,24070,新北市,-497,557168.5,-0.000892010226709,1733,2065,2.759339837929618,-332
102,三重,7.25987718985566,144354,390207,0.984342183550902,2,16.317,23890,新北市,-394,390010.0,-0.00101023050691,1198,1570,2.703125649445114,-372
102,中和,7.56,159804,416503,0.9648499601371848,3,20.144,20639,新北市,-761,416122.5,-0.001828788397647,1603,1839,2.606336512227479,-236
102,永和,6.53719852989148,90473,230745,0.916407125949919,4,5.7138,40089,新北市,-1683,229903.5,-0.007320462715879,1003,1064,2.5504294098791904,-61
102,新莊,7.27742870715451,142172,407370,0.9695885509838998,5,19.7383,20760,新北市,2390,408565.0,0.005849742391052,1422,1233,2.8653321329094337,189
102,新店,6.83813399390602,119432,297653,0.9481820859377555,6,120.2255,2487,新北市,1364,298335.0,0.004572041496975,1138,1284,2.492238261102552,-146
102,樹林,7.17,63651,182197,1.0060667452077117,7,33.1288,5536,新北市,1210,182802.0,0.006619183597554,795,680,2.8624373536943644,115
102,鶯歌,7.39095794273703,28584,88427,1.014603695350056,8,21.1248,4196,新北市,210,88532.0,0.002372023675055,317,371,3.0935838231178283,-54
102,三峽,7.0,38541,107937,1.0282809681298857,9,191.4508,575,新北市,2073,108973.5,0.019022973475203,526,394,2.8005760099634154,132
102,淡水,7.32,62877,151096,0.937674728769653,10,70.6565,2197,新北市,4145,153168.5,0.027061700023177,881,560,2.403040857547275,321
102,汐止,7.35119263019676,82041,192816,0.9744813320498904,11,71.2354,2726,新北市,1384,193508.0,0.007152159083862,857,809,2.350239514389147,48
102,瑞芳,6.28105935721419,15975,41627,1.030288250499927,12,70.7336,587,新北市,-137,41558.5,-0.003296557864216,144,159,2.605758998435055,-15
102,土城,7.19,84507,239694,0.9901362492838818,13,29.5578,8095,新北市,-436,239476.0,-0.001820641734454,852,1000,2.8363804181902093,-148
102,蘆洲,7.23460578166832,67499,199615,0.9742164551829178,14,7.4351,26822,新北市,-189,199520.5,-0.00094727108242,666,789,2.9573030711566095,-123
102,五股,6.72520540716333,28307,81302,1.0228403662420382,15,34.8632,2345,新北市,442,81523.0,0.005421782809759,322,358,2.872151764581199,-36
102,泰山,7.30283627761064,26984,77682,0.9986106823093548,16,19.1603,4068,新北市,257,77810.5,0.003302896138696,342,325,2.8788170767862438,17
102,林口,7.58720393056295,34120,90171,0.9683263844928074,17,54.1519,1738,新北市,3937,92139.5,0.042728688564622,654,365,2.6427608440797186,289
102,深坑,6.27,9192,23547,1.0135967162647512,18,20.5787,1148,新北市,75,23584.5,0.003180054696941,115,101,2.56168407310705,14
102,石碇,3.30368487928844,3349,7882,1.229072398190045,19,144.3498,54,新北市,-34,7865.0,-0.004322949777495,23,35,2.353538369662586,-12
102,坪林,3.55404465734374,2478,6471,1.257063132193931,20,170.835,38,新北市,-11,6465.5,-0.001701337870234,12,18,2.61138014527845,-6
102,烏來,8.6587294979602,1760,5975,1.003017096882333,29,321.1306,19,新北市,61,6005.5,0.010157355757223,22,24,3.3948863636363638,-2
102,三芝,4.475321797,9082,23477,1.0622803935347858,21,65.9909,356,新北市,-13,23470.5,-0.000553886794061,112,112,2.5850033032371726,0
102,石門,5.001562988,4243,12788,1.0974249630966049,22,51.2645,250,新北市,6,12791.0,0.00046907982175,51,73,3.013905255715296,-22
102,八里,6.284586079,12978,35744,1.0143138912369682,23,39.4933,917,新北市,457,35972.5,0.01270414900271,161,147,2.754199414393589,14
102,平溪,1.78023934328949,2387,5102,1.2455985915492958,24,71.3382,70,新北市,-100,5052.0,-0.019794140934283,10,20,2.1374109761206537,-10
102,雙溪,4.02606346347407,3846,9474,1.166971637694419,25,146.2484,64,新北市,-62,9443.0,-0.006565710049772,51,36,2.4633385335413416,15
102,貢寮,3.96736282655887,4467,13396,1.058706008913478,26,99.9734,133,新北市,-90,13351.0,-0.006741068084788,32,39,2.998880680546228,-7
102,金山,4.946745,6918,22469,0.9945849977807368,27,49.2132,455,新北市,-77,22430.5,-0.003432825839816,45,68,3.2479040185024575,-23
102,萬里,5.816147579,7274,22455,1.0313913515469513,28,63.3766,357,新北市,163,22536.5,0.007232711379318,55,100,3.087022271102557,-45
103,板橋,7.17088083218162,203607,556933,0.9638668500299729,376,23.1373,24027,新北市,-1019,556423.5,-0.001831338899238,1788,2170,2.7353332645734185,-382
103,三重,7.16432775708539,145798,389762,0.9816458721007087,377,16.317,23860,新北市,-437,389543.5,-0.001121825932149,1262,1629,2.67330141702904,-367
103,中和,7.49,160971,415742,0.9604091121285996,378,20.144,20613,新北市,-516,415484.0,-0.001241925080147,1744,2127,2.582713656497133,-383
103,永和,6.62241496814798,90616,229042,0.9119495805334112,379,5.7138,39775,新北市,-1775,228154.5,-0.007779815870386,1049,1109,2.52761101792178,-60
103,新莊,7.37214095202387,144708,409864,0.966472513026206,380,19.7383,20858,新北市,1847,410787.5,0.004496241974257,1327,1497,2.8323520468806147,-170
103,新店,6.90107841876452,121127,299042,0.9428530590765272,381,120.2255,2493,新北市,688,299386.0,0.00229803664834,1385,1494,2.4688302360332544,-109
103,樹林,7.19,64366,183553,1.0031757811221094,382,33.1288,5559,新北市,614,183860.0,0.003339497443707,707,768,2.851707423173725,-61
103,鶯歌,7.16890249392275,28909,88684,1.0081518047189892,383,21.1248,4217,新北市,391,88879.5,0.004399214667049,304,354,3.067695181431388,-50
103,三峽,6.6,39480,110072,1.022824588808233,384,191.4508,583,新北市,1516,110830.0,0.013678606875395,546,465,2.788044579533941,81
103,淡水,6.61,65669,155547,0.9326690108470111,385,70.6565,2250,新北市,3406,157250.0,0.021659777424483,839,594,2.3686518753140753,245
103,汐止,7.54096676426774,83204,194115,0.9669166075590232,386,71.2354,2739,新北市,1025,194627.5,0.005266470565568,869,926,2.3330008172684007,-57
103,瑞芳,5.62767948795363,16021,41450,1.0242222981882112,387,70.7336,584,新北市,-135,41382.5,-0.003262248535009,152,141,2.5872292615941577,11
103,土城,7.15,84968,239172,0.9858186648953836,388,29.5578,8095,新北市,98,239221.0,0.000409663031256,862,1010,2.8148479427549193,-148
103,蘆洲,6.76393370342906,68171,199447,0.972613443050995,389,7.4351,26866,新北市,303,199598.5,0.001518047480317,678,854,2.9256868756509364,-176
103,五股,6.43906365282715,28761,81763,1.0202861308097155,390,34.8632,2359,新北市,492,82009.0,0.005999341535685,368,383,2.8428427384305137,-15
103,泰山,6.90939101395313,27308,78014,0.9950388707037644,391,19.1603,4090,新北市,356,78192.0,0.004552895436873,349,348,2.856818514720961,1
103,林口,7.31148925962045,36219,94440,0.9651254733863248,392,54.1519,1803,新北市,3205,96042.5,0.033370643204831,571,507,2.6074712167646816,64
103,深坑,5.84,9258,23583,1.0110002558199027,393,20.5787,1149,新北市,53,23609.5,0.002244859060971,91,125,2.547310434219054,-34
103,石碇,5.09164969450102,3361,7847,1.2254679523539422,394,144.3498,54,新北市,17,7855.5,0.002164088854942,67,47,2.334721808985421,20
103,坪林,4.49090205187766,2473,6463,1.2741027445460944,395,170.835,38,新北市,-8,6459.0,-0.001238581823812,17,38,2.613424989890821,-21
103,烏來,7.54036554380788,1774,6040,0.9881500987491773,404,321.1306,19,新北市,125,6102.5,0.020483408439164,29,40,3.4047350620067642,-11
103,三芝,5.28289025221541,9190,23459,1.0630551402691055,396,65.9909,356,新北市,21,23469.5,0.000894778329321,98,114,2.5526659412404786,-16
103,石門,5.327692247,4259,12772,1.0859056018291686,397,51.2645,248,新北市,-39,12752.5,-0.003058223877671,54,89,2.9988260154965953,-35
103,八里,7.136755669,13334,36299,1.0130323868677906,398,39.4933,942,新北市,888,36743.0,0.024167868709686,149,162,2.7222888855557223,-13
103,平溪,4.62032944957814,2375,4996,1.2443845462713388,399,71.3382,69,新北市,-42,4975.0,-0.008442211055276,31,21,2.103578947368421,10
103,雙溪,5.08959813381402,3853,9401,1.1676273922065945,400,146.2484,65,新北市,49,9425.5,0.005198663200891,50,38,2.4399169478328577,12
103,貢寮,4.08271273579556,4451,13293,1.0501233806292412,401,99.9734,131,新北市,-178,13204.0,-0.013480763405029,40,56,2.986519883172321,-16
103,金山,4.554385,6930,22383,0.988009592326139,402,49.2132,455,新北市,17,22391.5,0.000759216667039,67,89,3.22987012987013,-22
103,萬里,5.38678912,7319,22599,1.025,403,63.3766,358,新北市,79,22638.5,0.00348963049672,89,125,3.0877169012160133,-36
104,板橋,7.20263027518804,204905,555924,0.9598804168488148,751,23.1373,23954,新北市,-1688,555080.0,-0.003041003098652,1618,2047,2.7130816719943387,-429
104,三重,7.25,147493,389199,0.9769239755982344,752,16.317,23806,新北市,-752,388823.0,-0.001934041967682,1249,1318,2.6387625175432055,-69
104,中和,7.41,162394,415277,0.9563529638999204,753,20.144,20567,新北市,-973,414790.5,-0.002345762499382,1574,1816,2.5572188627658656,-242
104,永和,6.39309351500853,90680,227221,0.9095164462073718,754,5.7138,39450,新北市,-1812,226315.0,-0.008006539557696,912,1036,2.5057454786060873,-124
104,新莊,7.47193176831678,147243,411913,0.962686780513837,755,19.7383,20936,新北市,1330,412578.0,0.003223632864573,1240,1387,2.7975048049822404,-147
104,新店,4.32597493479229,122812,299691,0.9378410883790704,756,120.2255,2498,新北市,576,299979.0,0.001920134409409,1132,1334,2.4402419958961663,-202
104,樹林,6.87266568227221,65068,184153,1.0011192610703614,757,33.1288,5562,新北市,96,184201.0,0.000521169809067,677,745,2.8301622917563165,-68
104,鶯歌,7.81744238590149,29284,89136,1.0030561797752808,758,21.1248,4164,新北市,-1171,88550.5,-0.01322409246701,266,499,3.0438464690616036,-233
104,三峽,6.6,40380,111641,1.0178393912556256,759,191.4508,589,新北市,1067,112174.5,0.009511965731962,516,409,2.764759782070332,107
104,淡水,6.75646222919664,68356,159187,0.9305924443635922,760,70.6565,2296,新北市,3034,160704.0,0.018879430505775,812,596,2.3287933758558137,216
104,汐止,6.38600294502618,84200,195167,0.9622267800768132,761,71.2354,2752,新北市,861,195597.5,0.004401896752259,800,781,2.3178978622327793,19
104,瑞芳,5.81,16079,41280,1.0203602192639,762,70.7336,579,新北市,-304,41128.0,-0.007391558062634,119,157,2.5673238385471735,-38
104,土城,7.27656164678758,85566,239310,0.98217524910752,763,29.5578,8076,新北市,-607,239006.5,-0.002539679883183,758,934,2.796788444008134,-176
104,蘆洲,7.13276394602909,68964,199739,0.9690164726294102,764,7.4351,26912,新北市,356,199917.0,0.001780739006688,609,719,2.896279218142799,-110
104,五股,6.53840099771156,29324,82255,1.01872576449222,765,34.8632,2379,新北市,668,82589.0,0.008088244197169,306,321,2.805040240076388,-15
104,泰山,6.59549138320696,27722,78491,0.991803486690182,766,19.1603,4108,新北市,216,78599.0,0.002748126566496,267,303,2.8313613736382655,-36
104,林口,7.86888557791863,37919,97887,0.9591113779645752,767,54.1519,1853,新北市,2463,99118.5,0.024849044325731,519,406,2.5814763047548723,113
104,深坑,6.60597078128308,9326,23622,1.0067963639452893,768,20.5787,1147,新北市,-28,23608.0,-0.001186038630973,82,122,2.5329187218528846,-40
104,石碇,4.32597493479229,3368,7865,1.2261534106991223,769,144.3498,54,新北市,-10,7860.0,-0.001272264631043,12,32,2.33521377672209,-20
104,坪林,4.01699497875628,2484,6468,1.2631210636808958,770,170.835,38,新北市,22,6479.0,0.00339558573854,22,19,2.603864734299517,3
104,烏來,7.29,1799,6164,0.9845460399227302,779,321.1306,19,新北市,23,6175.5,0.003724394785847,12,30,3.4263479710950526,-18
104,三芝,4.7693061085443,9284,23490,1.0605263157894738,771,65.9909,356,新北市,-3,23488.5,-0.000127722076761,148,134,2.53015941404567,14
104,石門,4.80807125403957,4285,12730,1.0868852459016394,772,51.2645,247,新北市,-89,12685.5,-0.007015884277325,87,112,2.970828471411902,-25
104,八里,7.42670139584586,13779,37226,1.0013978494623657,773,39.4933,954,新北市,452,37452.0,0.012068781373491,144,149,2.701647434501778,-5
104,平溪,3.05250305250305,2356,4942,1.225123818099955,774,71.3382,68,新北市,-68,4908.0,-0.013854930725346,18,19,2.097623089983022,-1
104,雙溪,4.17223856646162,3837,9413,1.1619200734956363,775,146.2484,63,新北市,-168,9329.0,-0.018008361024761,35,43,2.45321866041178,-8
104,貢寮,4.15784408084697,4428,13097,1.0448087431693989,776,99.9734,129,新北市,-237,12978.5,-0.018260970065878,27,48,2.95776874435411,-21
104,金山,5.03089143865843,7011,22396,0.9833510449876018,777,49.2132,452,新北市,-136,22328.0,-0.006091006807596,58,66,3.194408786193125,-8
104,萬里,5.95611285266458,7376,22687,1.015726343847179,778,63.3766,357,新北市,-45,22664.5,-0.00198548390655,74,120,3.0757863340563993,-46
105,板橋,6.79246033288117,205664,554008,0.9578744999363876,1126,23.1373,23870,新北市,-1723,553146.5,-0.00311490717197,1372,1712,2.693752917379804,-340
105,三重,6.89550440910752,148541,388386,0.9749110139326757,1127,16.317,23814,新北市,195,388483.5,0.000501951820348,1116,1108,2.6146720434088904,8
105,中和,6.9,163074,414356,0.9533300648664956,1128,20.144,20565,新北市,-90,414311.0,-0.000217228120904,1309,1415,2.5409078087248735,-106
105,永和,6.15031330105383,90684,225353,0.9065881536756432,1129,5.7138,39203,新北市,-1354,224676.0,-0.006026455874237,734,845,2.485035949009748,-111
105,新莊,6.99058132775118,149167,413443,0.9601608169806044,1130,19.7383,20982,新北市,713,413799.5,0.001723056697749,1098,1160,2.771678722505648,-62
105,新店,5.00288628054647,123906,300283,0.9354366741862712,1131,120.2255,2505,新北市,885,300725.5,0.002942883127636,977,1131,2.423474246606298,-154
105,樹林,6.49398208051561,65445,184329,0.9989480875798424,1132,33.1288,5566,新北市,71,184364.5,0.000385106677262,607,687,2.816548246619299,-80
105,鶯歌,7.10061873558757,29448,87931,1.0070072126358076,1133,21.1248,4129,新北市,-700,87581.0,-0.007992601134949,222,304,2.985975278456941,-82
105,三峽,6.38,41190,112775,1.012222321348916,1134,191.4508,596,新北市,1405,113477.5,0.01238130907008,419,302,2.737921825685846,117
105,淡水,6.82955979,70441,162441,0.9268023628211516,1135,70.6565,2346,新北市,3324,164103.0,0.020255571196139,686,424,2.3060575517099418,262
105,汐止,6.31321788728138,85046,196150,0.9572722918496048,1136,71.2354,2776,新北市,1599,196949.5,0.008118832492593,711,648,2.306398890012464,63
105,瑞芳,5.64,16127,40922,1.0208395061728397,1137,70.7336,574,新北市,-322,40761.0,-0.007899708054268,105,132,2.5374837229490916,-27
105,土城,7.25477417367452,85921,238646,0.979594037477292,1138,29.5578,8069,新北市,-146,238573.0,-0.000611972016951,635,726,2.7775049173077595,-91
105,蘆洲,6.6816867391722,69513,200055,0.9705192860801388,1139,7.4351,26994,新北市,647,200378.5,0.003228889326949,558,610,2.877950886884468,-52
105,五股,7.08740130614102,29996,82983,1.017480307303316,1140,34.8632,2413,新北市,1151,83558.5,0.013774780542973,332,269,2.766468862515002,63
105,泰山,6.84340164038496,28018,78801,0.989572550306764,1141,19.1603,4114,新北市,16,78809.0,0.00020302249743,264,226,2.81251338425298,38
105,林口,6.77902824103867,39211,100554,0.9590476932668328,1142,54.1519,1906,新北市,2665,101886.5,0.026156556560486,535,317,2.5644334497972507,218
105,深坑,5.71102227298687,9463,23614,1.003563549974546,1143,20.5787,1151,新北市,69,23648.5,0.002917732625748,59,86,2.4954031491070485,-27
105,石碇,5.00288628054647,3375,7857,1.228936170212766,1144,144.3498,54,新北市,-121,7796.5,-0.015519784518694,21,37,2.328,-16
105,坪林,4.75898065704636,2496,6503,1.2603406326034063,1145,170.835,38,新北市,35,6520.5,0.005367686527107,25,22,2.60536858974359,3
105,烏來,6.45,1833,6182,0.989060489060489,1154,321.1306,19,新北市,30,6197.0,0.004841052121995,13,21,3.3726132024004363,-8
105,三芝,4.99402424449377,9360,23452,1.062258177981006,1146,65.9909,354,新北市,-83,23410.5,-0.003545417654471,58,79,2.5055555555555555,-21
105,石門,4.61471138162867,4312,12645,1.0760137908389429,1147,51.2645,244,新北市,-149,12570.5,-0.011853148243904,40,41,2.932513914656772,-1
105,八里,6.46054453161052,14035,37711,0.9956077684288512,1148,39.4933,966,新北市,456,37939.0,0.012019294130051,146,103,2.6869255432846457,43
105,平溪,4.14421881475342,2351,4872,1.2358880220284534,1149,71.3382,67,新北市,-94,4825.0,-0.019481865284974,12,33,2.072309655465759,-21
105,雙溪,3.16611168731918,3843,9233,1.1755419415645618,1150,146.2484,62,新北市,-159,9153.5,-0.017370404763205,29,29,2.4025500910746813,0
105,貢寮,3.36384260345772,4406,12858,1.0406284716711631,1151,99.9734,127,新北市,-152,12782.0,-0.011891722735096,27,30,2.9182932364956877,-3
105,金山,5.36204910041656,7035,22273,0.9810548785911234,1152,49.2132,451,新北市,-66,22240.0,-0.002967625899281,44,61,3.1660270078180526,-17
105,萬里,5.03744349742506,7406,22634,1.016212364154641,1153,63.3766,355,新北市,-144,22562.0,-0.006382412906657,49,86,3.0561706724277613,-37
106,板橋,6.33286976847427,206836,552220,0.9552247789741284,1502,23.1373,23835,新北市,-740,551850.0,-0.001340944097128,1326,1499,2.6698447078845073,-173
106,三重,6.33,150147,388544,0.9714139297474744,1503,16.317,23747,新北市,-1060,388014.0,-0.002731860190612,970,1102,2.5877573311488073,-132
106,中和,6.15,164283,414190,0.9498175826762388,1504,20.144,20532,新北市,-600,413890.0,-0.001449660537824,1215,1320,2.5211981763176956,-105
106,永和,5.76,90826,224086,0.9054931972789116,1505,5.7138,38956,新北市,-1501,223335.5,-0.006720830320303,713,864,2.4672010217338647,-151
106,新莊,6.56811287138248,150819,414227,0.9559953346271716,1506,19.7383,21102,新北市,2297,415375.5,0.005529936166192,1200,1101,2.746517348609923,99
106,新店,5.75542430506401,125299,301305,0.93062550459421,1507,120.2255,2513,新北市,784,301697.0,0.002598633728542,1078,975,2.4046879863366826,103
106,樹林,6.45233062632106,66078,184409,0.9970435667796536,1508,33.1288,5559,新北市,-260,184279.0,-0.001410904118212,597,599,2.7907775659069585,-2
106,鶯歌,6.04059278350516,29594,87163,1.005129974695192,1509,21.1248,4099,新北市,-570,86878.0,-0.006560924514837,278,287,2.94529296479016,-9
106,三峽,5.875009821,42004,114215,1.007752210522615,1510,191.4508,600,新北市,711,114570.5,0.006205785957118,353,315,2.7191457956385108,38
106,淡水,6.238035317,72613,166063,0.9256806901989888,1511,70.6565,2400,新北市,3534,167830.0,0.021057021986534,622,458,2.2869596353270074,164
106,汐止,5.857909185,86040,197877,0.9544179523141656,1512,71.2354,2798,新北市,1444,198599.0,0.007270932884858,724,645,2.2998256624825664,79
106,瑞芳,5.632898101,16157,40581,1.0219730941704035,1513,70.7336,570,新北市,-228,40467.0,-0.005634220475943,109,127,2.5116667698211304,-18
106,土城,6.672723877,86539,238491,0.9755224770756192,1514,29.5578,8054,新北市,-424,238279.0,-0.00177942663852,681,682,2.7558788523093636,-1
106,蘆洲,6.387884909,70279,200760,0.9684861796111268,1515,7.4351,27075,新北市,549,201034.5,0.002730874551383,643,556,2.8566143513709643,87
106,五股,6.021780152,30771,84171,1.0185376148109069,1516,34.8632,2436,新北市,748,84545.0,0.008847359394405,322,250,2.735400214487667,72
106,泰山,5.61726517,28238,78839,0.9887745320619544,1517,19.1603,4118,新北市,72,78875.0,0.000912836767036,234,246,2.7919470217437494,-12
106,林口,6.81253583,40638,103458,0.9503449835991404,1518,54.1519,1959,新北市,2643,104779.5,0.025224399811032,489,329,2.5458437915251735,160
106,深坑,5.23836681241155,9537,23667,1.002114880297775,1519,20.5787,1150,新北市,-7,23663.5,-0.000295814228664,84,80,2.481597986788298,4
106,石碇,3.89130293793372,3364,7735,1.2227011494252873,1520,144.3498,53,新北市,-52,7709.0,-0.006745362563238,12,31,2.299346016646849,-19
106,坪林,2.908311649,2519,6530,1.2493971753358597,1521,170.835,38,新北市,-2,6529.0,-0.000306325624138,19,24,2.59229853116316,-5
106,烏來,5.7,1860,6225,0.975563313233894,1530,321.1306,20,新北市,95,6272.5,0.015145476285373,19,24,3.346774193548387,-5
106,三芝,4.380596534,9435,23349,1.056093694963015,1522,65.9909,352,新北市,-149,23274.5,-0.006401856108617,63,67,2.4747217806041335,-4
106,石門,4.519409249,4301,12481,1.0722231446123194,1523,51.2645,240,新北市,-195,12383.5,-0.015746759801349,19,38,2.901883282957452,-19
106,八里,5.713540308,14323,38177,0.9931606975044376,1524,39.4933,975,新北市,316,38335.0,0.008243119864354,97,153,2.665433219297633,-56
106,平溪,2.105928188,2328,4776,1.231775700934579,1525,71.3382,66,新北市,-57,4747.5,-0.012006319115324,10,7,2.051546391752577,3
106,雙溪,2.442680286,3817,9076,1.1759769839367058,1526,146.2484,61,新北市,-137,9007.5,-0.015209547599223,18,22,2.377783599685617,-4
106,貢寮,3.959141658,4413,12689,1.0429882466591531,1527,99.9734,126,新北市,-137,12620.5,-0.010855354383741,34,38,2.8753682302288692,-4
106,金山,5.065352,7070,22188,0.9768353528153956,1528,49.2132,447,新北市,-173,22101.5,-0.0078275230188,43,57,3.138330975954738,-14
106,萬里,4.644308489,7461,22471,1.0119079595308442,1529,63.3766,352,新北市,-175,22383.5,-0.007818258985413,64,70,3.0117946655944245,-6
107,板橋,6.08196184852588,208540,551452,0.9538822395600812,1878,23.1373,23976,新北市,3290,553097.0,0.005948323711754,1790,1688,2.644346408362904,102
107,三重,6.23,151043,387125,0.9684288670697168,1879,16.317,23646,新北市,-1299,386475.5,-0.00336114449687,1145,1422,2.563011857550499,-277
107,中和,5.87,165183,413291,0.9462085073720198,1880,20.144,20477,新北市,-805,412888.5,-0.00194967890847,1332,1520,2.502018972896727,-188
107,永和,5.14,90950,222531,0.9035525178994552,1881,5.7138,38695,新北市,-1433,221814.5,-0.006460353132911,799,1009,2.4467399670148433,-210
107,新莊,6.34800390277581,153411,416640,0.9533052039381154,1882,19.7383,21165,新北市,1114,417197.0,0.002670201367699,1258,1374,2.715841758413673,-116
107,新店,5.68572941487953,126697,302070,0.9263931227121412,1883,120.2255,2514,新北市,161,302150.5,0.000532847041458,981,1103,2.3841922066031556,-122
107,樹林,6.05821866637689,66459,184105,0.9951990809978976,1884,33.1288,5552,新北市,-159,184025.5,-0.00086401069417,562,738,2.7702041860395132,-176
107,鶯歌,6.25599870485794,29829,86577,1.0053970165848234,1885,21.1248,4088,新北市,-216,86469.0,-0.002498005065399,340,391,2.9024439304032987,-51
107,三峽,6.17,42717,115001,1.0054233150231058,1886,191.4508,605,新北市,819,115410.5,0.00709640803913,498,443,2.692160029964651,55
107,淡水,6.21977913080481,74852,169741,0.9212772218952324,1887,70.6565,2456,新北市,3761,171621.5,0.02191450371894,807,561,2.2676882381232297,246
107,汐止,5.78208154935777,86983,199457,0.9523599772909692,1888,71.2354,2815,新北市,1078,199996.0,0.005390107802156,737,718,2.293057264063093,19
107,瑞芳,4.68,16205,40310,1.0197414570598256,1889,70.7336,565,新北市,-328,40146.0,-0.008170178847208,107,136,2.4875038568343104,-29
107,土城,6.42148523690017,86936,237885,0.9747229485742748,1890,29.5578,8015,新北市,-984,237393.0,-0.004145025337731,665,815,2.736323272292261,-150
107,蘆洲,6.37292277736246,71004,201313,0.9647960179582276,1891,7.4351,27079,新北市,19,201322.5,9.43759391026835e-05,605,722,2.8352346346684696,-117
107,五股,6.09642156404746,31540,85042,1.0186574249905052,1892,34.8632,2476,新北市,1287,85685.5,0.015020044231521,392,297,2.6963221306277743,95
107,泰山,5.78610446710105,28485,78883,0.984927404947032,1893,19.1603,4108,新北市,-175,78795.5,-0.002220939013015,272,267,2.7692820782868175,5
107,林口,6.65180264776901,42046,106316,0.947821626177128,1894,54.1519,2033,新北市,3765,108198.5,0.034797155228585,592,393,2.528563953764924,199
107,深坑,6.08956738698355,9607,23662,1.0011840324763193,1895,20.5787,1148,新北市,-28,23648.0,-0.001184032476319,98,75,2.462995732278547,23
107,石碇,4.54132606721163,3375,7676,1.21978021978022,1896,144.3498,54,新北市,55,7703.5,0.007139611864737,32,33,2.27437037037037,-1
107,坪林,3.34855403348554,2511,6521,1.244750430292599,1897,170.835,39,新北市,91,6566.5,0.01385821975177,22,10,2.596973317403425,12
107,烏來,6.74,1866,6325,0.9740948813982522,1906,321.1306,20,新北市,113,6381.5,0.017707435555904,43,30,3.389603429796356,13
107,三芝,4.46099874399065,9488,23186,1.0589645679779771,1898,65.9909,348,新北市,-208,23082.0,-0.009011350836149,74,97,2.443718381112985,-23
107,石門,5.16372279824597,4303,12284,1.0708024275118004,1899,51.2645,236,新北市,-169,12199.5,-0.013853026763392,42,25,2.85475249825703,17
107,八里,5.45226682515278,14599,38471,0.9959014267185472,1900,39.4933,985,新北市,435,38688.5,0.011243651214185,155,130,2.635180491814508,25
107,平溪,2.49,2298,4712,1.2470195517405818,1901,71.3382,65,新北市,-46,4689.0,-0.009810194071231,21,15,2.050478677110531,6
107,雙溪,2.25,3816,8932,1.1764132553606237,1902,146.2484,61,新北市,-72,8896.0,-0.008093525179856,46,34,2.340670859538784,12
107,貢寮,3.38,4398,12537,1.034566699123661,1903,99.9734,123,新北市,-236,12419.0,-0.019003140349465,13,44,2.850613915416098,-31
107,金山,4.29331567288588,7110,22028,0.9729511867442902,1904,49.2132,442,新北市,-254,21901.0,-0.011597643943199,49,80,3.0981715893108297,-31
107,萬里,4.91389414840862,7485,22275,1.010379061371841,1905,63.3766,348,新北市,-207,22171.5,-0.009336310127867,67,77,2.975951903807615,-10
108,板橋,5.89759805116589,212784,554854,0.9502639700248152,2253,23.1373,24069,新北市,2043,555875.5,0.003675283404287,1806,1695,2.607592676141063,111
108,三重,5.91585703518174,151843,385725,0.965768189949088,2254,16.317,23677,新北市,611,386030.5,0.001582776490459,1186,1328,2.5402883241242598,-142
108,中和,5.57200913324975,166138,412326,0.941326026158931,2255,20.144,20506,新北市,743,412697.5,0.00180035013539,1451,1447,2.481828359556513,4
108,永和,5.22,91143,221101,0.9017641341464464,2256,5.7138,38607,新北市,-506,220848.0,-0.002291168586539,829,896,2.4258692384494696,-67
108,新莊,6.24890393652316,155690,417968,0.9516349696259392,2257,19.7383,21302,新北市,2505,419220.5,0.005975375727093,1333,1218,2.684616866850793,115
108,新店,5.79187552420766,127781,302231,0.9234088320085532,2258,120.2255,2524,新北市,1214,302838.0,0.00400874394891,1181,1042,2.3652264421158073,139
108,樹林,6.02927105080028,66705,183880,0.9942303103919484,2259,33.1288,5552,新北市,46,183903.0,0.000250131862993,655,693,2.7566149464058167,-38
108,鶯歌,5.50712925012989,30438,86438,1.0053359317000743,2260,21.1248,4112,新北市,431,86653.5,0.004973832563024,325,310,2.839805506275051,15
108,三峽,5.62,43271,115896,1.001070497435986,2261,191.4508,608,新北市,582,116187.0,0.005009166257843,397,363,2.678375817522128,34
108,淡水,5.84473122188395,77508,173979,0.9182654141307224,2262,70.6565,2528,新北市,4631,176294.5,0.026268544963116,976,522,2.244658615884812,454
108,汐止,5.62921448445901,88070,200775,0.949347547477572,2263,71.2354,2856,新北市,2654,202102.0,0.01313198286014,878,721,2.279720676734416,157
108,瑞芳,5.53,16152,39952,1.0177777777777777,2264,70.7336,559,新北市,-416,39744.0,-0.010466988727858,98,143,2.4735017335314513,-45
108,土城,6.38857809889232,87223,236872,0.9707472918781304,2265,29.5578,8042,新北市,824,237284.0,0.003472631951585,712,736,2.7157057198216066,-24
108,蘆洲,6.21504656324789,71750,201363,0.9649579905734944,2266,7.4351,27153,新北市,520,201623.0,0.002579070840132,708,694,2.806452961672474,14
108,五股,6.34432595838902,32614,86452,1.015104190946809,2267,34.8632,2524,新北市,1548,87226.0,0.017747002040676,462,311,2.6507634758079353,151
108,泰山,5.62686159571698,28669,78716,0.9780374418896848,2268,19.1603,4110,新北市,35,78733.5,0.000444537585653,271,302,2.7456834908786494,-31
108,林口,6.76229599003824,44255,110688,0.944692364454127,2269,54.1519,2134,新北市,4894,113135.0,0.043258054536616,880,437,2.5011411139984183,443
108,深坑,5.82782575645601,9632,23656,1.0006765899864682,2270,20.5787,1153,新北市,69,23690.5,0.002912559886874,85,115,2.4559800664451825,-30
108,石碇,4.6875,3403,7734,1.201537147736977,2271,144.3498,53,新北市,-105,7681.5,-0.013669205233353,12,34,2.2727005583308846,-22
108,坪林,2.70656341628449,2527,6631,1.2214405360134004,2272,170.835,39,新北市,58,6660.0,0.008708708708709,31,16,2.6240601503759398,15
108,烏來,8.24,1897,6458,0.9653073645769932,2281,321.1306,20,新北市,-25,6445.5,-0.003878675044605,14,32,3.404322614654718,-18
108,三芝,4.98404232064006,9511,22941,1.0621123595505615,2273,65.9909,345,新北市,-173,22854.5,-0.007569625237918,69,72,2.4120492061823153,-3
108,石門,3.59096413211408,4313,12092,1.0705479452054794,2274,51.2645,231,新北市,-258,11963.0,-0.021566496698153,39,65,2.803616971945282,-26
108,八里,5.55860117036603,14896,38897,0.9961510828286976,2275,39.4933,1001,新北市,634,39214.0,0.016167695210894,136,136,2.6112379162191193,0
108,平溪,2.39,2290,4665,1.2471098265895957,2276,71.3382,64,新北市,-119,4605.5,-0.025838671154055,20,23,2.037117903930131,-3
108,雙溪,4.45,3797,8843,1.174864731923266,2277,146.2484,59,新北市,-178,8754.0,-0.02033356180032,20,35,2.32894390308138,-15
108,貢寮,3.69852880742993,4361,12268,1.0371969445366989,2278,99.9734,120,新北市,-235,12150.5,-0.019340767869635,26,33,2.8131162577390505,-7
108,金山,4.44753300903405,7137,21746,0.9722474152004352,2279,49.2132,435,新北市,-350,21571.0,-0.016225487923601,33,60,3.04693848956144,-27
108,萬里,4.46062812926718,7497,22042,1.011865644395765,2280,63.3766,345,新北市,-170,21957.0,-0.007742405610967,84,82,2.940109377084167,2
109,板橋,5.4415979734491,215365,557120,0.9478971088524568,2628,23.1373,24079,新北市,-6,557117.0,-1.07697305951892e-05,1547,1578,2.5868641608432195,-31
109,三重,5.30023429886583,153239,386236,0.9633794225294836,2629,16.317,23615,新北市,-908,385782.0,-0.002353660875831,1178,1217,2.5204810785766028,-39
109,中和,5.06379483745267,167648,413067,0.9375170032927757,2630,20.144,20414,新北市,-1853,412140.5,-0.004496039578736,1364,1378,2.4638945886619585,-14
109,永和,4.47768996656507,91318,220619,0.9004789552573093,2631,5.7138,38392,新北市,-1255,219991.5,-0.005704765865954,720,758,2.415942092468079,-38
109,新莊,5.51281777575356,157973,420684,0.9497413841048552,2632,19.7383,21413,新北市,1969,421668.5,0.004669544915022,1290,1235,2.663012033701962,55
109,新店,5.16,129159,303624,0.9210994197928464,2633,120.2255,2525,新北市,-92,303578.0,-0.000303052263339,943,1004,2.350776949341509,-61
109,樹林,5.13,67161,183906,0.992848086863236,2634,33.1288,5538,新北市,-436,183688.0,-0.002373590000436,539,583,2.7382856121856434,-44
109,鶯歌,5.98133411251096,31070,86945,1.0032025436029768,2635,21.1248,4150,新北市,729,87309.5,0.00834960685836,378,283,2.79835854522047,95
109,三峽,5.17,43987,116587,0.9979949273375376,2636,191.4508,611,新北市,330,116752.0,0.002826504042757,385,399,2.650487644076659,-14
109,淡水,5.77,80388,179036,0.9172842150353396,2637,70.6565,2594,新北市,4242,181157.0,0.023416152839802,822,459,2.2271483305966067,363
109,汐止,5.40955247803438,89747,203621,0.9478925517056652,2638,71.2354,2890,新北市,2226,204734.0,0.010872644504577,861,634,2.268833498612767,227
109,瑞芳,4.60483635022197,16150,39495,1.018140010219724,2639,70.7336,552,新北市,-418,39286.0,-0.010639922618745,96,136,2.445510835913313,-40
109,土城,5.73141753838978,88280,237762,0.9681307219840074,2640,29.5578,8061,新北市,515,238019.5,0.002163688269238,783,758,2.693271409152696,25
109,蘆洲,5.95045246686567,72504,202026,0.961398433024922,2641,7.4351,27230,新北市,430,202241.0,0.002126176195727,625,682,2.7864117841774245,-57
109,五股,5.7587197836254,33681,88165,1.0129455010388364,2642,34.8632,2566,新北市,1305,88817.5,0.014693050356067,452,235,2.6176479320685253,217
109,泰山,5.52292842462921,28819,78731,0.9747918129828432,2643,19.1603,4092,新北市,-319,78571.5,-0.004059996309094,235,316,2.7319129740796004,-81
109,林口,5.93815199303978,46559,116000,0.9452642876308024,2644,54.1519,2238,新北市,5192,118596.0,0.043778879557489,870,391,2.491462445499259,479
109,深坑,4.85,9709,23714,0.9981462756993597,2645,20.5787,1153,新北市,9,23718.5,0.000379450639796,83,78,2.442476053146565,5
109,石碇,3.03,3407,7622,1.2041642567958355,2646,144.3498,52,新北市,-57,7593.5,-0.007506419964443,16,29,2.237158790724978,-13
109,坪林,2.9868578255675,2543,6698,1.2011173184357542,2647,170.835,39,新北市,5,6700.5,0.000746212969181,13,11,2.6338969720802203,2
109,烏來,7.47,1904,6434,0.9496969696969696,2656,321.1306,20,新北市,-18,6425.0,-0.002801556420233,24,36,3.379201680672269,-12
109,三芝,3.79623907477708,9549,22721,1.0578751924644507,2648,65.9909,342,新北市,-181,22630.5,-0.007998055721261,70,64,2.3794114566970364,6
109,石門,3.17405850561894,4284,11816,1.0795494544174586,2649,51.2645,224,新北市,-336,11648.0,-0.028846153846154,18,41,2.758169934640523,-23
109,八里,5.272984156,15281,39555,0.9950068088969588,2650,39.4933,1006,新北市,186,39648.0,0.004691283292978,141,116,2.588508605457758,25
109,平溪,1.56075808249721,2274,4533,1.240731586752348,2651,71.3382,62,新北市,-109,4478.5,-0.024338506196271,11,13,1.9934036939313984,-2
109,雙溪,2.56814334909239,3769,8632,1.1875316776482514,2652,146.2484,58,新北市,-164,8550.0,-0.019181286549708,20,24,2.290262669143009,-4
109,貢寮,3.52718874658828,4351,12006,1.0484558948984817,2653,99.9734,118,新北市,-224,11894.0,-0.018833025054649,19,35,2.759365663065962,-16
109,金山,4.04486983514804,7149,21377,0.9696858011609694,2654,49.2132,429,新北市,-250,21252.0,-0.01176359872012,19,71,2.990208420758148,-52
109,萬里,4.08425496764719,7512,21840,1.005693819450822,2655,63.3766,343,新北市,-130,21775.0,-0.005970149253731,50,75,2.9073482428115014,-25
110,板橋,4.6205399580295,217997,556901,0.9455056768558951,3003,23.1373,23888,新北市,-4188,554807.0,-0.007548570944491,1802,1960,2.554626898535301,-158
110,三重,4.79233018581361,154737,384975,0.9618659831115688,3004,16.317,23395,新北市,-3244,383353.0,-0.008462174549306,1120,1335,2.4879311347641484,-215
110,中和,4.42647861269413,168900,410834,0.936078869363192,3005,20.144,20162,新北市,-4694,408487.0,-0.01149118576601,1539,1721,2.4324097098875073,-182
110,永和,4.17653817019738,91828,219171,0.8998379029671558,3006,5.7138,37622,新北市,-4204,217069.0,-0.019367113682746,850,901,2.3867556736507383,-51
110,新莊,5.0021681591026,161187,422851,0.9497362548184216,3007,19.7383,21348,新北市,-1470,422116.0,-0.003482455059747,1443,1451,2.623356722316316,-8
110,新店,5.05281585072311,130451,303293,0.921095803642122,3008,120.2255,2493,新北市,-3597,301494.5,-0.011930565897554,1062,1297,2.3249572636468865,-235
110,樹林,4.74036121990404,67560,183302,0.9925863118532048,3009,33.1288,5491,新北市,-1399,182602.5,-0.007661450418258,619,725,2.7131734754292482,-106
110,鶯歌,5.54022923125053,31896,87673,1.0040000914306613,3010,21.1248,4172,新北市,458,87902.0,0.00521034788742,391,321,2.7487145723601705,70
110,三峽,4.79960160730845,44583,116866,0.997982630103262,3011,191.4508,606,新北市,-847,116442.5,-0.007273976426133,423,431,2.6213130565462173,-8
110,淡水,5.24866001764027,83184,183488,0.916603994317707,3012,70.6565,2621,新北市,1709,184342.5,0.009270786714946,891,750,2.2058088093864203,141
110,汐止,4.96798490664996,91241,205788,0.9469800181653044,3013,71.2354,2892,新北市,202,205889.0,0.000981111181268,875,795,2.2554334126105586,80
110,瑞芳,4.20504088950804,16169,38993,1.0199440530460009,3014,70.7336,544,新北市,-544,38721.0,-0.014049223935332,69,100,2.4115900797822993,-31
110,土城,4.96047385136655,89570,238192,0.9665136554274958,3015,29.5578,8035,新北市,-708,237838.0,-0.002976816152171,792,854,2.659283242156972,-62
110,蘆洲,5.00068078575054,73507,202536,0.958440101724088,3016,7.4351,27100,新北市,-1047,202012.5,-0.005182847596065,643,701,2.7553294244085595,-58
110,五股,5.70205907688888,34708,89529,1.0107128419350493,3017,34.8632,2595,新北市,936,89997.0,0.010400346678223,469,295,2.5794917598248244,174
110,泰山,4.73492746835362,29053,78399,0.9743383112140824,3018,19.1603,4042,新北市,-948,77925.0,-0.012165543792108,195,371,2.69848208446632,-176
110,林口,5.51623138882109,49032,121437,0.946136957323034,3019,54.1519,2301,新北市,3191,123032.5,0.025936236360311,897,543,2.4766886930983847,354
110,深坑,5.32,9807,23742,0.9993263157894736,3020,20.5787,1149,新北市,-96,23694.0,-0.004051658647759,106,108,2.420923829917406,-2
110,石碇,3.72,3406,7562,1.202096680256261,3021,144.3498,52,新北市,-75,7524.5,-0.00996743969699,10,36,2.220199647680564,-26
110,坪林,3.0,2545,6700,1.193126022913257,3022,170.835,39,新北市,-81,6659.5,-0.012163075305954,28,25,2.6326129666011786,3
110,烏來,6.24658389943,1912,6420,0.954337899543379,3031,321.1306,20,新北市,-29,6405.5,-0.004527359300601,18,40,3.3577405857740588,-22
110,三芝,3.56371249749426,9593,22529,1.0568793937733951,3023,65.9909,339,新北市,-172,22443.0,-0.007663859555318,82,80,2.3484832690503494,2
110,石門,4.76337493935518,4241,11475,1.0848473837209305,3024,51.2645,218,新北市,-282,11334.0,-0.024880889359449,19,49,2.705729780712096,-30
110,八里,5.53059973222888,15591,39751,0.9941306310825724,3025,39.4933,1017,新北市,427,39964.5,0.010684482478199,179,153,2.5496119556154193,26
110,平溪,2.05549845837616,2247,4412,1.266050333846944,3026,71.3382,61,新北市,-79,4372.5,-0.018067467124071,18,12,1.9635068980863373,6
110,雙溪,4.0711249476142,3726,8436,1.187192118226601,3027,146.2484,56,新北市,-201,8335.5,-0.024113730430088,11,30,2.2640901771336552,-19
110,貢寮,3.08800823468863,4349,11751,1.0461431307678914,3028,99.9734,115,新北市,-217,11642.5,-0.018638608546274,13,43,2.7020004598758334,-30
110,金山,2.85911700936361,7201,21096,0.9673598806304206,3029,49.2132,424,新北市,-252,20970.0,-0.012017167381974,53,56,2.9295931120677685,-3
110,萬里,4.58630593903456,7544,21672,1.0011080332409972,3030,63.3766,339,新北市,-210,21567.0,-0.009737098344693,51,83,2.872746553552492,-32
102,松山,6.15,79641,211009,0.899629993067997,30,9.2878,22647,臺北市,-666,210676.0,-0.003161252349579,12056,13174,2.6495021408570962,-1118
102,信義,7.45,88041,227907,0.925280462255863,31,11.2077,20387,臺北市,589,228201.5,0.002581052271786,12254,12360,2.5886461989300438,-106
102,大安,6.53,118946,313542,0.884606599747551,32,11.3614,27581,臺北市,-179,313452.5,-0.000571059410916,19017,19998,2.63600289206867,-981
102,中山,7.99,96120,227037,0.881205100797932,33,13.6821,16719,臺北市,1716,227895.0,0.007529783452906,15879,14887,2.362016229712859,992
102,中正,6.39,63976,162295,0.924385790172643,34,7.6071,21446,臺北市,845,162717.5,0.00519304930324,12093,11653,2.5368106790046268,440
102,大同,7.05,49858,128921,0.963941868259095,35,5.6815,22850,臺北市,899,129370.5,0.006949033976061,7989,7395,2.5857635685346385,594
102,萬華,7.51,76559,192703,0.984439844707385,36,8.8522,21857,臺北市,777,193091.5,0.004023998984937,10766,10327,2.517052208100942,439
102,文山,6.57,100854,269516,0.934149527076486,37,31.509,8612,臺北市,1825,270428.5,0.006748549061952,13841,12916,2.6723382315029647,925
102,南港,7.71,44255,118540,0.958367751528168,38,21.8424,5483,臺北市,1212,119146.0,0.010172393533984,7458,6878,2.6785673935148573,580
102,內湖,7.15,102277,280219,0.925268639898865,39,31.5787,8957,臺北市,2623,281530.5,0.009316930137232,15559,14384,2.739804648161366,1175
102,士林,7.38,104103,289164,0.941297313264498,40,62.3682,4646,臺北市,578,289453.0,0.001996869958162,13736,13880,2.7776721131955853,-144
102,北投,6.94,92776,254180,0.941461328119033,41,56.8216,4496,臺北市,1264,254812.0,0.00496051991272,12039,11876,2.7397171682331636,163
103,松山,6.3,79797,210411,0.897320985761819,405,9.2878,22661,臺北市,62,210442.0,0.000294617994507,12024,12675,2.636828452197451,-651
103,信義,7.2,88435,228621,0.922897707201373,406,11.2077,20491,臺北市,1036,229139.0,0.0045212731137,12301,12176,2.585186860405948,125
103,大安,6.8,119437,313461,0.882038257862315,407,11.3614,27610,臺北市,232,313577.0,0.000739850180338,18975,19518,2.6244882239172114,-543
103,中山,7.57,97352,228926,0.878829660634413,408,13.6821,16847,臺北市,1570,229711.0,0.006834674874081,15164,14601,2.3515284739912894,563
103,中正,6.43,64607,163235,0.920411764705882,409,7.6071,21478,臺北市,153,163311.5,0.000936859927194,12060,12347,2.5265838067082513,-287
103,大同,7.3,50580,129949,0.959512643816819,410,5.6815,23053,臺北市,1024,130461.0,0.007849088999778,7858,7360,2.5691775405298536,498
103,萬華,7.48,77223,193458,0.980873002058098,411,8.8522,21996,臺北市,1257,194086.5,0.006476493728312,11095,10433,2.5051862786993513,662
103,文山,6.78,101965,271555,0.931483562598688,412,31.509,8693,臺北市,2366,272738.0,0.008674992116977,14195,12760,2.663217770803707,1435
103,南港,7.88,45109,119955,0.958193215580006,413,21.8424,5551,臺北市,1302,120606.0,0.0107954828118,7395,6614,2.6592254317320267,781
103,內湖,7.28,103858,283085,0.922061080104833,414,31.5787,9049,臺北市,2682,284426.0,0.009429517695288,14762,13639,2.7256927728244333,1123
103,士林,7.38,104779,289898,0.939882629265061,415,62.3682,4657,臺北市,557,290176.5,0.001919521394737,13135,13713,2.7667566974298285,-578
103,北投,7.14,93862,255586,0.938680926916221,416,56.8216,4532,臺北市,1934,256553.0,0.007538403370843,12217,11393,2.72299759220984,824
104,松山,6.16,80051,210433,0.894802715698104,780,9.2878,22580,臺北市,-719,210073.5,-0.003422611609746,10899,12321,2.6287366803662664,-1422
104,信義,7.29,89207,229854,0.92192046556741,781,11.2077,20451,臺北市,-643,229532.5,-0.002801346214588,10772,12223,2.5766363626172835,-1451
104,大安,6.2,120229,313926,0.88023550409976,782,11.3614,27555,臺北市,-868,313492.0,-0.002768810687354,16960,18604,2.611067213401093,-1644
104,中山,7.34,98459,230833,0.876355448618946,783,13.6821,16909,臺北市,517,231091.5,0.002237209070866,13414,13622,2.3444580993103727,-208
104,中正,6.78,65110,163403,0.916525920713113,784,7.6071,21358,臺北市,-928,162939.0,-0.005695382934718,10348,11828,2.5096452157886655,-1480
104,大同,6.93,51197,131036,0.95593635250918,785,5.6815,23045,臺北市,-107,130982.5,-0.000816903021396,7067,7556,2.559446842588433,-489
104,萬華,7.07,78148,194833,0.976896149358226,786,8.8522,21954,臺北市,-494,194586.0,-0.002538723238054,9111,9955,2.493128422992271,-844
104,文山,6.67,103349,274129,0.928950905265528,787,31.509,8739,臺北市,1238,274748.0,0.004505947268042,12545,12511,2.6524591432911784,34
104,南港,7.65,45923,121386,0.954497150033813,788,21.8424,5597,臺北市,859,121815.5,0.007051647778813,6696,6473,2.643250658711321,223
104,內湖,7.64,105468,286047,0.919817177527064,789,31.5787,9106,臺北市,1519,286806.5,0.005296253745993,13328,13435,2.712168619865741,-107
104,士林,7.26,105599,290649,0.936949785078804,790,62.3682,4661,臺北市,45,290671.5,0.000154813939447,11936,13015,2.7523840187880566,-1079
104,北投,6.67,95094,257604,0.935068056849253,791,56.8216,4538,臺北市,258,257733.0,0.001001035955815,10653,11572,2.7089406271689067,-919
105,松山,5.99,80250,209689,0.891646368967073,1155,9.2878,22430,臺北市,-1363,209007.5,-0.006521297082641,10732,12756,2.6129470404984425,-2024
105,信義,7.08,89499,229139,0.919408611157648,1156,11.2077,20327,臺北市,-1316,228481.0,-0.005759778712453,9814,11977,2.56024089654633,-2163
105,大安,5.8,120378,312909,0.878915796489669,1157,11.3614,27418,臺北市,-1403,312207.5,-0.004493806202606,16277,18658,2.5993869311668245,-2381
105,中山,7.16,99113,231286,0.875236141628222,1158,13.6821,16901,臺北市,-39,231266.5,-0.000168636616198,12845,13872,2.3335586653617586,-1027
105,中正,5.87,65275,162549,0.914728956109972,1159,7.6071,21086,臺北市,-2146,161476.0,-0.013289900666353,9774,12345,2.490218307162007,-2571
105,大同,6.79,51522,131029,0.954868933414892,1160,5.6815,22894,臺北市,-958,130550.0,-0.0073381846036,6322,7674,2.5431660261635805,-1352
105,萬華,6.85,78341,194314,0.974093790637191,1161,8.8522,21863,臺北市,-775,193926.5,-0.00399635944546,9292,10396,2.480361496534382,-1104
105,文山,6.16,104436,275433,0.9268864294609,1162,31.509,8735,臺北市,-202,275332.0,-0.000733659727166,11921,13073,2.637337699643801,-1152
105,南港,7.31,46452,122296,0.954765596278951,1163,21.8424,5609,臺北市,220,122406.0,0.001797297518096,6327,6746,2.6327391716180144,-419
105,內湖,7.02,106574,287726,0.918684982662043,1164,31.5787,9112,臺北市,7,287729.5,2.43284056726891e-05,12154,13698,2.6997766809916115,-1544
105,士林,6.92,106295,290682,0.934732834589068,1165,62.3682,4649,臺北市,-743,290310.5,-0.002559328718734,11394,13320,2.7346723740533423,-1926
105,北投,6.51,95724,257922,0.933491757685705,1166,56.8216,4529,臺北市,-552,257646.0,-0.002142474558115,10229,11682,2.6944339977435128,-1453
106,松山,5.16,80325,208289,0.887513479714728,1531,9.2878,22286,臺北市,-1301,207638.5,-0.006265697353814,10168,11911,2.5930781201369437,-1743
106,信義,6.67,89502,227666,0.9163482096261,1532,11.2077,20143,臺北市,-1913,226709.5,-0.008438111327492,9289,11918,2.543697347545306,-2629
106,大安,5.39,120529,311404,0.877647002074188,1533,11.3614,27283,臺北市,-1435,310686.5,-0.004618803842459,16253,18244,2.583643770378913,-1991
106,中山,6.69,99650,231332,0.873619075387955,1534,13.6821,16862,臺北市,-622,231021.0,-0.002692395929374,12411,13555,2.3214450577019567,-1144
106,中正,4.94,65013,160484,0.91380461743942,1535,7.6071,20981,臺北市,-876,160046.0,-0.005473426389913,10315,11526,2.468490917201175,-1211
106,大同,6.23,51564,129943,0.953266392087304,1536,5.6815,22754,臺北市,-665,129610.5,-0.005130757153163,6313,7451,2.5200333566053836,-1138
106,萬華,6.21,78519,193415,0.968219886230652,1537,8.8522,21673,臺北市,-1565,192632.5,-0.008124278094299,8471,10404,2.4632891402081025,-1933
106,文山,5.62,105011,275233,0.923670471144908,1538,31.509,8709,臺北市,-809,274828.5,-0.002943653951464,11369,13075,2.6209920865433145,-1706
106,南港,6.61,46800,122444,0.957131211738568,1539,21.8424,5593,臺北市,-289,122299.5,-0.002363051361616,5828,6775,2.6163247863247863,-947
106,內湖,6.44,107228,287861,0.916977438001119,1540,31.5787,9113,臺北市,-90,287816.0,-0.000312699780415,11820,13286,2.684569328906629,-1466
106,士林,6.22,106819,289916,0.933495171530705,1541,62.3682,4622,臺北市,-1621,289105.5,-0.005606949712129,10762,13139,2.7140864452953126,-2377
106,北投,6.05,96433,257384,0.932384849281129,1542,56.8216,4513,臺北市,-928,256920.0,-0.00361201930562,9674,11411,2.6690448290522952,-1737
107,松山,5.02,80849,207107,0.883236037608889,1907,9.2878,22148,臺北市,-1405,206404.5,-0.006807022133723,10685,12188,2.5616519684844588,-1503
107,信義,5.91,89482,225561,0.913106536729345,1908,11.2077,19933,臺北市,-2155,224483.5,-0.009599814685712,10022,12687,2.520741601662904,-2665
107,大安,5.22,120762,309835,0.876309574274814,1909,11.3614,27184,臺北市,-992,309339.0,-0.003206837805773,17091,18500,2.565666351998145,-1409
107,中山,6.08,100269,230558,0.869257835935853,1910,13.6821,16771,臺北市,-1102,230007.0,-0.004791158529958,12690,14401,2.299394628449471,-1711
107,中正,4.68,65142,159598,0.913300965054247,1911,7.6071,20902,臺北市,-598,159299.0,-0.003753946980207,10750,11609,2.4500015351079183,-859
107,大同,5.75,51809,129208,0.952401819308239,1912,5.6815,22463,臺北市,-1583,128416.5,-0.012327076349223,6565,8373,2.4939296261267345,-1808
107,萬華,5.99,78630,191747,0.965527138537235,1913,8.8522,21419,臺北市,-2144,190675.0,-0.011244263799659,8814,11012,2.4385984993005216,-2198
107,文山,5.68,105573,274379,0.922498598654708,1914,31.509,8688,臺北市,-617,274070.5,-0.002251245573675,11807,13136,2.598950489234937,-1329
107,南港,5.87,47069,122187,0.956306638060777,1915,21.8424,5570,臺北市,-517,121928.5,-0.004240189947387,6318,7220,2.5959123839469713,-902
107,內湖,6.11,108019,287842,0.914836151727625,1916,31.5787,9102,臺北市,-413,287635.5,-0.00143584501913,12140,13716,2.664734907747711,-1576
107,士林,5.99,107080,288340,0.932560773721356,1917,62.3682,4594,臺北市,-1796,287442.0,-0.00624821703161,11103,13395,2.692753081807994,-2292
107,北投,5.6,96793,256359,0.928584325113221,1918,56.8216,4497,臺北市,-827,255945.5,-0.003231156632955,10301,11681,2.648528302666515,-1380
108,松山,4.98,81155,205633,0.88177641934185,2282,9.2878,21985,臺北市,-1440,204913.0,-0.007027372592271,10806,12519,2.533830324687327,-1713
108,信義,5.89,89553,223113,0.91049210929673,2283,11.2077,19631,臺北市,-3092,221567.0,-0.013955146750193,9174,12705,2.491407323037754,-3531
108,大安,5.17,121333,308686,0.873310636541834,2284,11.3614,27077,臺北市,-1055,308158.5,-0.0034235628743,17392,18711,2.544122373962566,-1319
108,中山,5.86,100485,229309,0.868143416947054,2285,13.6821,16619,臺北市,-1922,228348.0,-0.0084169775956,12238,14642,2.28202219236702,-2404
108,中正,4.93,65464,158903,0.913041907949388,2286,7.6071,20772,臺北市,-889,158458.5,-0.005610301750932,11214,12361,2.427334107295613,-1147
108,大同,5.87,51853,127651,0.948067208936774,2287,5.6815,22185,臺北市,-1608,126847.0,-0.012676689239793,6522,8193,2.4617862033054982,-1671
108,萬華,5.82,78768,189387,0.961299475984342,2288,8.8522,21133,臺北市,-2311,188231.5,-0.012277434967049,8634,11073,2.404364716636197,-2439
108,文山,5.23,106712,273686,0.919633588642931,2289,31.509,8626,臺北市,-1880,272746.0,-0.006892860023612,11705,14005,2.564716245595622,-2300
108,南港,5.83,47391,121576,0.955100990608517,2290,21.8424,5507,臺北市,-1279,120936.5,-0.010575798042775,5676,7417,2.565381612542466,-1741
108,內湖,5.85,108732,287442,0.913142446387924,2291,31.5787,9050,臺北市,-1647,286618.5,-0.005746314351656,11784,14540,2.6435823860501046,-2756
108,士林,5.77,107515,286339,0.92984619946891,2292,62.3682,4545,臺北市,-2880,284899.0,-0.010108845590894,10483,13957,2.6632469887922614,-3474
108,北投,5.89,97367,255183,0.927247598332427,2293,56.8216,4458,臺北市,-1864,254251.0,-0.007331337929841,9908,12386,2.620836628426469,-2478
109,松山,4.25,81289,204043,0.878209081620442,2657,9.2878,21568,臺北市,-3727,202179.5,-0.018434114240069,9945,13888,2.5100936166024925,-3943
109,信義,5.37,89351,219744,0.905796033060718,2658,11.2077,19205,臺北市,-4504,217492.0,-0.020708807680282,8450,13385,2.459334534588309,-4935
109,大安,4.42,121609,307526,0.869720386437009,2659,11.3614,26638,臺北市,-4882,305085.0,-0.01600209777603,15634,20773,2.5288095453461503,-5139
109,中山,5.48,100682,227266,0.86636992994933,2660,13.6821,16363,臺北市,-3390,225571.0,-0.015028527603282,11645,15366,2.2572654496334996,-3721
109,中正,4.15,65697,157743,0.908797192642788,2661,7.6071,20428,臺北市,-2346,156570.0,-0.014983713355049,10597,13265,2.4010685419425544,-2668
109,大同,4.57,51900,125909,0.942350708853339,2662,5.6815,21799,臺北市,-2060,124879.0,-0.016495968097118,6489,8670,2.4259922928709057,-2181
109,萬華,5.15,79252,186848,0.959786450739976,2663,8.8522,20683,臺北市,-3760,184968.0,-0.020327840491328,8007,11627,2.357643971130066,-3620
109,文山,4.53,107333,271674,0.916476787742404,2664,31.509,8510,臺北市,-3544,269902.0,-0.013130691880757,10677,14520,2.5311320842611313,-3843
109,南港,5.35,47575,120161,0.955172638224478,2665,21.8424,5437,臺北市,-1403,119459.5,-0.011744566150034,5978,7676,2.525717288491855,-1698
109,內湖,5.22,109495,285526,0.910269018993905,2666,31.5787,8947,臺北市,-3001,284025.5,-0.010565952704951,11131,15237,2.6076624503401984,-4106
109,士林,5.07,108095,283282,0.929359041593168,2667,62.3682,4465,臺北市,-4831,280866.5,-0.017200342511478,9693,14888,2.620676256996161,-5195
109,北投,4.76,97928,253155,0.924035721071632,2668,56.8216,4402,臺北市,-3011,251649.5,-0.011965054569947,9316,12707,2.5851135528143128,-3391
110,松山,3.68,80890,199971,0.87646385406501,3032,9.2878,20822,臺北市,-6583,196679.5,-0.033470697251112,9077,15810,2.4721349981456298,-6733
110,信義,4.94,88858,214669,0.903988576192715,3033,11.2077,18514,臺北市,-7169,211084.5,-0.033962702140612,7986,15538,2.415865763352765,-7552
110,大安,3.99,121031,301912,0.870988132494655,3034,11.3614,25649,臺北市,-10502,296661.0,-0.035400676192691,13833,24692,2.494501408729995,-10859
110,中山,4.73,100705,223438,0.86299245424605,3035,13.6821,15755,臺北市,-7871,219502.5,-0.035858361522078,10745,18945,2.2187378978203665,-8200
110,中正,3.88,65758,155257,0.908201516659907,3036,7.6071,19803,臺北市,-4613,152950.5,-0.030160084471774,9252,13938,2.3610359195839288,-4686
110,大同,3.85,52156,123648,0.94067237969677,3037,5.6815,21257,臺北市,-2876,122210.0,-0.023533262417151,6435,9255,2.370733951990183,-2820
110,萬華,4.5,79333,182625,0.957458439178109,3038,8.8522,19952,臺北市,-6008,179621.0,-0.033448204831284,6829,12506,2.302005470611221,-5677
110,文山,4.14,107720,267830,0.914397832784143,3039,31.509,8302,臺北市,-6254,264703.0,-0.023626479488332,9712,16149,2.4863535090976607,-6437
110,南港,4.85,48003,118548,0.951246810962061,3040,21.8424,5301,臺北市,-2768,117164.0,-0.023625004267522,5365,8328,2.469595650271858,-2963
110,內湖,4.84,109861,281975,0.910089145396412,3041,31.5787,8762,臺北市,-5268,279341.0,-0.018858670943399,10927,17347,2.5666524062224085,-6420
110,士林,4.85,108081,277933,0.928055108496587,3042,62.3682,4324,臺北市,-8251,273807.5,-0.030134309688376,8966,17424,2.571525059908772,-8458
110,北投,4.42,98108,249829,0.922678508211609,3043,56.8216,4307,臺北市,-5079,247289.5,-0.0205386803726,8931,14223,2.5464691972112368,-5292
